Município;Classificação de % em relação a população geral;% em relação a população geral;% em relação a população geral;População;Total Doses Aplicadas D1 + Única
BORÁ;1;88,902147971;88,902147971;838;745
URU;2;88,464874241;88,464874241;1153;1020
TURMALINA;3;86,438679245;86,438679245;1696;1466
ADOLFO;4;86,184580754;86,184580754;3554;3063
BOTUCATU;5;84,182812395;84,182812395;148130;124700
SANTANA DA PONTE PENSA;6;80,981595092;80,981595092;1467;1188
ÁGUAS DE SÃO PEDRO;7;80,829309855;80,829309855;3521;2846
FLORA RICA;8;80,769230769;80,769230769;1430;1155
ARCO-ÍRIS;9;80,710659898;80,710659898;1773;1431
NOVA CANAÃ PAULISTA;10;80,561555076;80,561555076;1852;1492
SANTA RITA D'OESTE;11;80,458383595;80,458383595;2487;2001
TUPI PAULISTA;12;79,984598601;79,984598601;15583;12464
SANTA SALETE;13;79,639175258;79,639175258;1552;1236
MENDONÇA;14;79,407008086;79,407008086;5565;4419
PARISI;15;79,345320424;79,345320424;2169;1721
SANTA CLARA D'OESTE;16;78,703265499;78,703265499;2113;1663
PEDRANÓPOLIS;17;78,637646110;78,637646110;2481;1951
FLOREAL;18;78,413793103;78,413793103;2900;2274
DOLCINÓPOLIS;19;78,172348485;78,172348485;2112;1651
SÃO JOÃO DO PAU D'ALHO;20;77,761904762;77,761904762;2100;1633
FLORÍNEA;21;77,723332077;77,723332077;2653;2062
ÁLVARES FLORENCE;22;77,515766383;77,515766383;3647;2827
ALFREDO MARCONDES;23;77,342256214;77,342256214;4184;3236
APARECIDA D'OESTE;24;76,791726792;76,791726792;4158;3193
POPULINA;25;76,565510597;76,565510597;4152;3179
LAGOINHA;26;76,048271630;76,048271630;4889;3718
NEVES PAULISTA;27;75,949792671;75,949792671;8923;6777
INDIAPORÃ;28;75,733401956;75,733401956;3886;2943
CÁSSIA DOS COQUEIROS;29;75,728542914;75,728542914;2505;1897
DIVINOLÂNDIA;30;75,726141079;75,726141079;11086;8395
CRUZÁLIA;31;75,659824047;75,659824047;2046;1548
TRÊS FRONTEIRAS;32;75,428669410;75,428669410;5832;4399
ASPÁSIA;33;74,972497250;74,972497250;1818;1363
PRESIDENTE BERNARDES;34;74,867542041;74,867542041;13023;9750
ADAMANTINA;35;74,782831591;74,782831591;35111;26257
BALBINOS;36;74,772497472;74,772497472;5934;4437
COSMORAMA;37;74,623184434;74,623184434;7298;5446
RUBINÉIA;38;74,605678233;74,605678233;3170;2365
MACEDÔNIA;39;74,512459372;74,512459372;3692;2751
SÃO FRANCISCO;40;74,405395811;74,405395811;2817;2096
JALES;41;74,307432776;74,307432776;49201;36560
CÂNDIDO RODRIGUES;42;74,276527331;74,276527331;2799;2079
TIMBURI;43;74,132730015;74,132730015;2652;1966
MAGDA;44;74,081237911;74,081237911;3102;2298
CEDRAL;45;74,074470362;74,074470362;9346;6923
MERIDIANO;46;74,006276151;74,006276151;3824;2830
ESTRELA D'OESTE;47;73,737973631;73,737973631;8419;6208
SANTA ALBERTINA;48;73,613417469;73,613417469;6022;4433
SANTA FÉ DO SUL;49;73,598869883;73,598869883;32563;23966
TORRE DE PEDRA;50;73,575557391;73,575557391;2422;1782
DUARTINA;51;73,393388563;73,393388563;12433;9125
MESÓPOLIS;52;73,333333333;73,333333333;1905;1397
OSCAR BRESSANE;53;73,261621206;73,261621206;2603;1907
ÁLVARO DE CARVALHO;54;73,189230186;73,189230186;5274;3860
GUARANI D'OESTE;55;73,073073073;73,073073073;1998;1460
PALMEIRA D'OESTE;56;72,894765363;72,894765363;9227;6726
TAIÚVA;57;72,807332854;72,807332854;5564;4051
RIBEIRÃO DOS ÍNDIOS;58;72,796762590;72,796762590;2224;1619
SANTOS;59;72,522690796;72,522690796;433656;314499
GABRIEL MONTEIRO;60;72,514409222;72,514409222;2776;2013
LOURDES;61;72,304347826;72,304347826;2300;1663
VITÓRIA BRASIL;62;72,210184182;72,210184182;1846;1333
ITAPIRA;63;72,208044235;72,208044235;75234;54325
DIRCE REIS;64;72,206781545;72,206781545;1799;1299
OCAUÇU;65;72,197622932;72,197622932;4291;3098
ÓLEO;66;72,197490894;72,197490894;2471;1784
ITAJOBI;67;72,079492711;72,079492711;15297;11026
PONTES GESTAL;68;72,060535506;72,060535506;2577;1857
ARARAS;69;71,990908152;71,990908152;135506;97552
ÁGUAS DA PRATA;70;71,986376353;71,986376353;8221;5918
PONGAÍ;71;71,970588235;71,970588235;3400;2447
POLONI;72;71,895959431;71,895959431;6113;4395
PEDRA BELA;73;71,767594108;71,767594108;6110;4385
SÃO JOÃO DA BOA VISTA;74;71,764500768;71,764500768;91771;65859
PAULISTÂNIA;75;71,646673937;71,646673937;1834;1314
FERNANDÓPOLIS;76;71,601682949;71,601682949;69402;49693
TUPÃ;77;71,430532256;71,430532256;65570;46837
SERRANA;78;71,428884410;71,428884410;45644;32603
NATIVIDADE DA SERRA;79;71,409214092;71,409214092;6642;4743
ÁGUAS DE LINDÓIA;80;71,389834113;71,389834113;18808;13427
IRAPURU;81;71,387387387;71,387387387;8325;5943
SÃO JOSÉ DO RIO PARDO;82;71,360931718;71,360931718;55124;39337
MARAPOAMA;83;71,279373368;71,279373368;3064;2184
CAIUÁ;84;71,257988564;71,257988564;5946;4237
SEBASTIANÓPOLIS DO SUL;85;71,074845245;71,074845245;3554;2526
RIBEIRÃO DO SUL;86;71,072923551;71,072923551;4539;3226
VOTUPORANGA;87;71,072395058;71,072395058;95338;67759
PARANAPUÃ;88;70,989010989;70,989010989;4095;2907
PIRATININGA;89;70,969851072;70,969851072;13765;9769
RIFAINA;90;70,906593407;70,906593407;3640;2581
TURIÚBA;91;70,891089109;70,891089109;2020;1432
SÃO LUIZ DO PARAITINGA;92;70,869971936;70,869971936;10690;7576
ITANHAÉM;93;70,746445268;70,746445268;103102;72941
ITABERÁ;94;70,737986270;70,737986270;17480;12365
MOCOCA;95;70,713250217;70,713250217;68980;48778
IPIGUÁ;96;70,690284879;70,690284879;5476;3871
BADY BASSITT;97;70,564720455;70,564720455;17761;12533
BARRETOS;98;70,564099224;70,564099224;122833;86676
ALTO ALEGRE;99;70,523483366;70,523483366;4088;2883
ESTRELA DO NORTE;100;70,469314079;70,469314079;2770;1952
MONÇÕES;101;70,445522717;70,445522717;2267;1597
SANTA MERCEDES;102;70,438328236;70,438328236;2943;2073
FERNANDO PRESTES;103;70,383154988;70,383154988;5794;4078
GÁLIA;104;70,364085159;70,364085159;6482;4561
ECHAPORÃ;105;70,300131926;70,300131926;6064;4263
LAVÍNIA;106;70,297110297;70,297110297;12285;8636
COLÔMBIA;107;70,286357786;70,286357786;6216;4369
NOVA GUATAPORANGA;108;70,279569892;70,279569892;2325;1634
BASTOS;109;70,242924641;70,242924641;20953;14718
RIVERSUL;110;70,237001653;70,237001653;5443;3823
SANTO ANTÔNIO DO JARDIM;111;70,218855219;70,218855219;5940;4171
ILHA COMPRIDA;112;70,207709910;70,207709910;11362;7977
SÃO CAETANO DO SUL;113;70,031551585;70,031551585;161957;113421
JOANÓPOLIS;114;69,980506823;69,980506823;13338;9334
URÂNIA;115;69,934210526;69,934210526;9120;6378
MONTE CASTELO;116;69,851176188;69,851176188;4166;2910
MARINÓPOLIS;117;69,800569801;69,800569801;2106;1470
MIRA ESTRELA;118;69,800386349;69,800386349;3106;2168
SALES;119;69,751833932;69,751833932;6407;4469
BRAGANÇA PAULISTA;120;69,594741194;69,594741194;170533;118682
SANTA CRUZ DA CONCEIÇÃO;121;69,520246479;69,520246479;4544;3159
SANTA RITA DO PASSA QUATRO;122;69,438405797;69,438405797;27600;19165
FERNÃO;123;69,368847713;69,368847713;1727;1198
AMÉRICO DE CAMPOS;124;69,352951012;69,352951012;5981;4148
OUROESTE;125;69,294999526;69,294999526;10539;7303
BURITAMA;126;69,261038134;69,261038134;17281;11969
GENERAL SALGADO;127;69,222979194;69,222979194;10862;7519
LUTÉCIA;128;69,195751138;69,195751138;2636;1824
SÃO JOSÉ DO RIO PRETO;129;69,173281604;69,173281604;464983;321644
URUPÊS;130;69,160426267;69,160426267;13888;9605
DOURADO;131;69,148456860;69,148456860;8878;6139
RIBEIRÃO GRANDE;132;69,136606329;69,136606329;7679;5309
PEDRINHAS PAULISTA;133;69,074492099;69,074492099;3101;2142
EMILIANÓPOLIS;134;69,042454292;69,042454292;3227;2228
ITOBI;135;69,026999491;69,026999491;7852;5420
DESCALVADO;136;68,997345916;68,997345916;33910;23397
ALTINÓPOLIS;137;68,919335925;68,919335925;16203;11167
SÃO BENTO DO SAPUCAÍ;138;68,906637290;68,906637290;10893;7506
AREALVA;139;68,895855103;68,895855103;8613;5934
SANTO ANTÔNIO DA ALEGRIA;140;68,826143041;68,826143041;6977;4802
GUARAÇAÍ;141;68,793727382;68,793727382;8290;5703
BERNARDINO DE CAMPOS;142;68,784728446;68,784728446;11158;7675
BILAC;143;68,781569545;68,781569545;8117;5583
BARRA BONITA;144;68,773182749;68,773182749;36126;24845
ROSANA;145;68,754990480;68,754990480;16281;11194
ÁGUAS DE SANTA BÁRBARA;146;68,751023081;68,751023081;6109;4200
ARARAQUARA;147;68,714310289;68,714310289;238339;163773
REDENÇÃO DA SERRA;148;68,689762959;68,689762959;3839;2637
ILHA SOLTEIRA;149;68,680005973;68,680005973;26788;18398
ARAPEÍ;150;68,658536585;68,658536585;2460;1689
PIRACAIA;151;68,654868546;68,654868546;27462;18854
ITAOCA;152;68,648648649;68,648648649;3330;2286
OLÍMPIA;152;68,648648649;68,648648649;55130;37846
DRACENA;154;68,624449971;68,624449971;47043;32283
IACRI;155;68,578236696;68,578236696;6295;4317
GUARAREMA;156;68,542606849;68,542606849;30136;20656
SOCORRO;157;68,540820275;68,540820275;41352;28343
PIRAJU;158;68,425457833;68,425457833;29869;20438
SANTO EXPEDITO;159;68,389154705;68,389154705;3135;2144
TAQUARITUBA;160;68,365153079;68,365153079;23256;15899
VALENTIM GENTIL;161;68,356488324;68,356488324;13532;9250
CATANDUVA;162;68,355959738;68,355959738;122497;83734
PRESIDENTE VENCESLAU;163;68,302048859;68,302048859;39583;27036
ITÁPOLIS;164;68,297523713;68,297523713;43331;29594
MOGI MIRIM;165;68,244527496;68,244527496;93650;63911
SÃO JOÃO DE IRACEMA;166;68,219461698;68,219461698;1932;1318
CATIGUÁ;167;68,096753660;68,096753660;7855;5349
LARANJAL PAULISTA;168;68,094493660;68,094493660;28785;19601
REGINÓPOLIS;169;68,069533394;68,069533394;9837;6696
BARÃO DE ANTONINA;170;68,067467124;68,067467124;3498;2381
PARAPUÃ;171;68,061010138;68,061010138;10949;7452
AMPARO;172;68,057294605;68,057294605;72677;49462
SERRA NEGRA;173;68,046312644;68,046312644;29452;20041
ORIENTE;174;67,976154081;67,976154081;6542;4447
MONTE ALTO;175;67,974474120;67,974474120;50772;34512
JOSÉ BONIFÁCIO;176;67,962853931;67,962853931;37366;25395
MIRASSOLÂNDIA;177;67,960967676;67,960967676;4919;3343
JACI;178;67,954419122;67,954419122;7196;4890
AMERICANA;179;67,899495079;67,899495079;242018;164329
PIQUEROBI;180;67,883211679;67,883211679;3699;2511
CORONEL MACEDO;181;67,874865156;67,874865156;4635;3146
JUNQUEIRÓPOLIS;182;67,850799290;67,850799290;20831;14134
INDIANA;183;67,780282845;67,780282845;4879;3307
MARÍLIA;184;67,762999293;67,762999293;240590;163031
CANANÉIA;185;67,721872259;67,721872259;12541;8493
NOVA INDEPENDÊNCIA;186;67,702936097;67,702936097;4053;2744
MONTE ALEGRE DO SUL;187;67,698187646;67,698187646;8111;5491
HOLAMBRA;188;67,633577789;67,633577789;15272;10329
ARANDU;189;67,572663001;67,572663001;6365;4301
LIMEIRA;190;67,504100725;67,504100725;308482;208238
TANABI;191;67,438029194;67,438029194;26101;17602
GUARATINGUETÁ;192;67,358067018;67,358067018;122505;82517
SÃO PAULO;193;67,330018615;67,330018615;12325232;8298581
PENÁPOLIS;194;67,286729300;67,286729300;63757;42900
BORBOREMA;195;67,242019302;67,242019302;16164;10869
IEPÊ;196;67,232121064;67,232121064;8194;5509
PIRANGI;197;67,195536570;67,195536570;11471;7708
BÁLSAMO;198;67,162709268;67,162709268;9139;6138
GETULINA;199;67,161701756;67,161701756;11447;7688
AGUDOS;200;67,155958397;67,155958397;37401;25117
EMBAÚBA;201;67,129440588;67,129440588;2449;1644
SÃO JOÃO DAS DUAS PONTES;202;67,122217884;67,122217884;2561;1719
UCHOA;203;67,106688996;67,106688996;10151;6812
POTIRENDABA;204;67,075816396;67,075816396;17516;11749
REGENTE FEIJÓ;205;67,034421889;67,034421889;20394;13671
PEREIRA BARRETO;206;67,024963976;67,024963976;25677;17210
SÃO CARLOS;207;67,007749014;67,007749014;254484;170524
CASA BRANCA;208;67,001965924;67,001965924;30520;20449
TABAPUÃ;209;67,000400481;67,000400481;12485;8365
SUD MENNUCCI;210;66,990165631;66,990165631;7728;5177
PRESIDENTE PRUDENTE;211;66,989768677;66,989768677;230371;154325
INDAIATUBA;212;66,974861742;66,974861742;256223;171605
LUCIANÓPOLIS;213;66,957969205;66,957969205;2403;1609
NOVA ALIANÇA;214;66,850594228;66,850594228;7068;4725
MATÃO;215;66,834477316;66,834477316;83626;55891
TAQUARAL;216;66,832563100;66,832563100;2813;1880
SAGRES;217;66,831275720;66,831275720;2430;1624
AVARÉ;218;66,830717292;66,830717292;91232;60971
SARUTAIÁ;219;66,804407713;66,804407713;3630;2425
OSVALDO CRUZ;220;66,751515152;66,751515152;33000;22028
BROTAS;221;66,747848677;66,747848677;24636;16444
ONDA VERDE;222;66,711895070;66,711895070;4422;2950
TAPIRATIBA;223;66,687258687;66,687258687;12950;8636
CUNHA;224;66,685306864;66,685306864;21459;14310
INÚBIA PAULISTA;225;66,509081861;66,509081861;4019;2673
IGARATÁ;226;66,461442137;66,461442137;9583;6369
JARINU;227;66,443479113;66,443479113;30617;20343
PALMITAL;228;66,437679598;66,437679598;22272;14797
AURIFLAMA;229;66,367272012;66,367272012;15253;10123
RIO CLARO;230;66,320045383;66,320045383;208008;137951
PIRASSUNUNGA;231;66,316323478;66,316323478;76877;50982
PINHALZINHO;232;66,311411489;66,311411489;15388;10204
SALTINHO;233;66,305254379;66,305254379;8393;5565
PIEDADE;234;66,284973534;66,284973534;55542;36816
SERRA AZUL;235;66,257259195;66,257259195;14981;9926
ANDRADINA;236;66,242439076;66,242439076;57202;37892
POMPÉIA;237;66,218654158;66,218654158;22172;14682
MACAUBAL;238;66,110224623;66,110224623;8147;5386
VARGEM GRANDE DO SUL;239;66,098353050;66,098353050;43110;28495
ARAÇATUBA;240;66,091283961;66,091283961;198129;130946
SANTA CRUZ DO RIO PARDO;241;66,057610079;66,057610079;47943;31670
SANTO ANASTÁCIO;242;65,997316208;65,997316208;20866;13771
PAULICÉIA;243;65,991414006;65,991414006;7454;4919
RANCHARIA;244;65,982641459;65,982641459;29726;19614
MIRASSOL;245;65,966867320;65,966867320;60303;39780
PARAIBUNA;246;65,958495318;65,958495318;18263;12046
LINS;247;65,955441193;65,955441193;78503;51777
MARTINÓPOLIS;248;65,941865705;65,941865705;26628;17559
BAURU;249;65,911409792;65,911409792;379297;250000
VERA CRUZ;250;65,905941051;65,905941051;10823;7133
ZACARIAS;251;65,879360465;65,879360465;2752;1813
ARAMINA;252;65,853227233;65,853227233;5655;3724
JERIQUARA;253;65,852110441;65,852110441;3151;2075
TAQUARITINGA;254;65,818283244;65,818283244;57364;37756
LUCÉLIA;255;65,749794389;65,749794389;21886;14390
GAVIÃO PEIXOTO;256;65,711318795;65,711318795;4815;3164
OURINHOS;257;65,659542465;65,659542465;114352;75083
ASSIS;258;65,646559517;65,646559517;105087;68986
MURUTINGA DO SUL;259;65,623612960;65,623612960;4506;2957
JUMIRIM;260;65,593914570;65,593914570;3418;2242
REGISTRO;261;65,554235455;65,554235455;56393;36968
PORTO FELIZ;262;65,491929141;65,491929141;53402;34974
SÃO JOSÉ DOS CAMPOS;263;65,479206892;65,479206892;729737;477826
PARDINHO;264;65,427166564;65,427166564;6508;4258
SALESÓPOLIS;265;65,412705773;65,412705773;17252;11285
IBITINGA;266;65,412541254;65,412541254;60600;39640
MARACAÍ;267;65,396124252;65,396124252;14036;9179
ESPÍRITO SANTO DO PINHAL;268;65,384182951;65,384182951;44471;29077
RAFARD;269;65,377431052;65,377431052;9101;5950
MORUNGABA;270;65,372614469;65,372614469;13781;9009
QUINTANA;271;65,340909091;65,340909091;6688;4370
CAMPINA DO MONTE ALEGRE;272;65,312861152;65,312861152;6057;3956
CERQUEIRA CÉSAR;273;65,311277302;65,311277302;20191;13187
ITAJU;274;65,243118086;65,243118086;3887;2536
APARECIDA;275;65,242503800;65,242503800;36185;23608
NOVO HORIZONTE;276;65,236393490;65,236393490;41414;27017
SANTA ERNESTINA;277;65,229062276;65,229062276;5588;3645
PILAR DO SUL;278;65,220053058;65,220053058;29402;19176
SILVEIRAS;279;65,152232213;65,152232213;6339;4130
MIRANTE DO PARANAPANEMA;280;65,143418039;65,143418039;18338;11946
SALTO GRANDE;281;65,132422042;65,132422042;9364;6099
MANDURI;282;65,075681130;65,075681130;9910;6449
TRABIJU;283;65,074798619;65,074798619;1738;1131
JUNDIAÍ;284;65,065270942;65,065270942;423006;275230
GUAPIARA;285;65,057268722;65,057268722;17025;11076
MONTE MOR;286;65,047568884;65,047568884;60754;39519
PIQUETE;287;65,031307551;65,031307551;13575;8828
NARANDIBA;288;64,987765090;64,987765090;4904;3187
RINÓPOLIS;289;64,963357093;64,963357093;9961;6471
JAÚ;290;64,952166499;64,952166499;151881;98650
DUMONT;291;64,910705378;64,910705378;10023;6506
PRESIDENTE ALVES;292;64,828431373;64,828431373;4080;2645
VALINHOS;293;64,820516729;64,820516729;131210;85051
SABINO;294;64,820092626;64,820092626;5614;3639
CÂNDIDO MOTA;295;64,792956039;64,792956039;31346;20310
RUBIÁCEA;296;64,737507906;64,737507906;3162;2047
JAGUARIÚNA;297;64,723612956;64,723612956;58722;38007
BARRA DO TURVO;298;64,701257862;64,701257862;7632;4938
IBIRÁ;299;64,698833680;64,698833680;12518;8099
MONTE APRAZÍVEL;300;64,686871872;64,686871872;25373;16413
ITAÍ;301;64,659265211;64,659265211;27382;17705
BURITIZAL;302;64,643331856;64,643331856;4514;2918
PEDREGULHO;303;64,642198560;64,642198560;16811;10867
OSASCO;304;64,636170894;64,636170894;699944;452417
CHAVANTES;305;64,631985827;64,631985827;12418;8026
MARIÁPOLIS;306;64,629674896;64,629674896;4091;2644
COLINA;307;64,612894524;64,612894524;18535;11976
SANTA CRUZ DA ESPERANÇA;308;64,607524385;64,607524385;2153;1391
SÃO JOSÉ DO BARREIRO;309;64,599420849;64,599420849;4144;2677
SANTA BÁRBARA D'OESTE;310;64,597973147;64,597973147;194390;125572
SALTO;311;64,584586089;64,584586089;119736;77331
CORUMBATAÍ;312;64,566929134;64,566929134;4064;2624
ITU;313;64,551626720;64,551626720;175568;113332
CERQUILHO;314;64,525521063;64,525521063;49802;32135
BRODOWSKI;315;64,513193813;64,513193813;25277;16307
MIRANDÓPOLIS;316;64,495388137;64,495388137;29706;19159
PORANGABA;317;64,468063971;64,468063971;10067;6490
LENÇÓIS PAULISTA;318;64,448470793;64,448470793;68990;44463
TATUÍ;319;64,424601722;64,424601722;122967;79221
PARIQUERA-AÇU;320;64,422248137;64,422248137;19723;12706
ÁLVARES MACHADO;321;64,405152412;64,405152412;24998;16100
FLÓRIDA PAULISTA;322;64,401622718;64,401622718;14790;9525
CACONDE;323;64,353727182;64,353727182;19009;12233
NAZARÉ PAULISTA;324;64,284950262;64,284950262;18698;12020
VALPARAÍSO;325;64,271866378;64,271866378;26822;17239
UNIÃO PAULISTA;326;64,235924933;64,235924933;1865;1198
MONTEIRO LOBATO;327;64,224872232;64,224872232;4696;3016
UBIRAJARA;328;64,217318901;64,217318901;4804;3085
CARDOSO;329;64,207628148;64,207628148;12349;7929
TAPIRAÍ;330;64,190059233;64,190059233;7766;4985
BORACÉIA;331;64,174198850;64,174198850;4868;3124
CAPELA DO ALTO;332;64,093400048;64,093400048;20985;13450
IRACEMÁPOLIS;333;64,085479808;64,085479808;24614;15774
TABATINGA;334;64,065128575;64,065128575;16644;10663
ITATIBA;335;64,054788262;64,054788262;122581;78519
PIRACICABA;336;64,012699753;64,012699753;407252;260693
TORRINHA;337;64,001591090;64,001591090;10056;6436
SERTÃOZINHO;338;63,998521338;63,998521338;127142;81369
SANTO ANTÔNIO DO PINHAL;339;63,995898638;63,995898638;6827;4369
AREIAS;340;63,988706366;63,988706366;3896;2493
CABRÁLIA PAULISTA;341;63,987744520;63,987744520;4243;2715
BANANAL;342;63,967979623;63,967979623;10993;7032
AVAÍ;343;63,962472406;63,962472406;5436;3477
ATIBAIA;344;63,903309089;63,903309089;144088;92077
PALESTINA;345;63,842109274;63,842109274;13123;8378
BEBEDOURO;346;63,785700471;63,785700471;77555;49469
PEDREIRA;347;63,784743000;63,784743000;48463;30912
CRISTAIS PAULISTA;348;63,776095435;63,776095435;8718;5560
LEME;349;63,762865850;63,762865850;104346;66534
TAIAÇU;350;63,75;63,75;6320;4029
GUAÍRA;351;63,745126706;63,745126706;41040;26161
SÃO BERNARDO DO CAMPO;352;63,743023838;63,743023838;844483;538299
SARAPUÍ;353;63,705486044;63,705486044;10390;6619
NHANDEARA;354;63,702611261;63,702611261;11527;7343
PARAGUAÇU PAULISTA;355;63,658722385;63,658722385;45945;29248
JUQUIÁ;356;63,639277701;63,639277701;18718;11912
CORDEIRÓPOLIS;357;63,626842826;63,626842826;24826;15796
CRAVINHOS;358;63,602124849;63,602124849;35579;22629
MAIRINQUE;359;63,596888767;63,596888767;47441;30171
ARAÇOIABA DA SERRA;360;63,592707614;63,592707614;34776;22115
NUPORANGA;361;63,586520460;63,586520460;7478;4755
TAMBAÚ;362;63,571797521;63,571797521;23232;14769
GUARARAPES;363;63,540785498;63,540785498;33100;21032
ANHUMAS;364;63,537644788;63,537644788;4144;2633
SALMOURÃO;365;63,537567922;63,537567922;5337;3391
MONTE AZUL PAULISTA;366;63,491142978;63,491142978;18968;12043
MACATUBA;367;63,477402115;63,477402115;17214;10927
JABOTICABAL;368;63,466491526;63,466491526;77652;49283
RIBEIRÃO CORRENTE;369;63,425925926;63,425925926;4752;3014
IARAS;370;63,391825155;63,391825155;9517;6033
COROADOS;371;63,387175722;63,387175722;6129;3885
ITUVERAVA;372;63,377333809;63,377333809;42045;26647
VIRADOURO;373;63,374875112;63,374875112;19017;12052
PRACINHA;374;63,342830009;63,342830009;4212;2668
ITAPETININGA;375;63,303650182;63,303650182;165526;104784
HERCULÂNDIA;376;63,256153525;63,256153525;9588;6065
GARÇA;377;63,248440631;63,248440631;44409;28088
PIACATU;378;63,216296787;63,216296787;6038;3817
CESÁRIO LANGE;379;63,194557823;63,194557823;18375;11612
TARUMÃ;380;63,169334124;63,169334124;15183;9591
ROSEIRA;381;63,142301639;63,142301639;10801;6820
TEODORO SAMPAIO;382;63,128947708;63,128947708;23273;14692
ICÉM;383;63,114161850;63,114161850;8304;5241
SANTA ADÉLIA;384;63,087205192;63,087205192;15561;9817
TUIUTI;385;63,064354307;63,064354307;6977;4400
CAMPINAS;386;62,977841343;62,977841343;1213792;764420
RIBEIRA;387;62,972972973;62,972972973;3330;2097
PATROCÍNIO PAULISTA;388;62,949956102;62,949956102;14807;9321
MIRACATU;389;62,902815252;62,902815252;19643;12356
JACAREÍ;390;62,894195807;62,894195807;235416;148063
SÃO PEDRO;391;62,865480823;62,865480823;35980;22619
NOVA CASTILHO;392;62,832550861;62,832550861;1278;803
FARTURA;393;62,818917237;62,818917237;16070;10095
QUATÁ;394;62,779732583;62,779732583;14210;8921
PARAÍSO;395;62,777093596;62,777093596;6496;4078
ITARARÉ;396;62,764108842;62,764108842;50642;31785
LUPÉRCIO;397;62,750217581;62,750217581;4596;2884
BRAÚNA;398;62,724264065;62,724264065;5741;3601
SÃO SIMÃO;399;62,684432889;62,684432889;15385;9644
NIPOÃ;400;62,665156663;62,665156663;5298;3320
MONGAGUÁ;401;62,664793228;62,664793228;57648;36125
PRESIDENTE EPITÁCIO;402;62,661920746;62,661920746;44389;27815
JÚLIO MESQUITA;403;62,625;62,625;4800;3006
BREJO ALEGRE;404;62,616822430;62,616822430;2889;1809
CRUZEIRO;405;62,616414964;62,616414964;82571;51703
PORTO FERREIRA;406;62,613266317;62,613266317;56504;35379
APIAÍ;407;62,606290762;62,606290762;24226;15167
ALAMBARI;408;62,587697830;62,587697830;6129;3836
BATATAIS;409;62,569069546;62,569069546;62980;39406
SALTO DE PIRAPORA;410;62,564326210;62,564326210;45860;28692
CAÇAPAVA;411;62,555515797;62,555515797;95018;59439
PRAIA GRANDE;412;62,551648053;62,551648053;330845;206949
CAIABU;413;62,532792750;62,532792750;4193;2622
FRANCA;414;62,516823499;62,516823499;355901;222498
GUAIMBÊ;415;62,506482282;62,506482282;5785;3616
GUAPIAÇU;416;62,502870264;62,502870264;21775;13610
ITAPEVA;417;62,454115860;62,454115860;94804;59209
RIBEIRÃO PRETO;418;62,405787939;62,405787939;711825;444220
BERTIOGA;419;62,362684054;62,362684054;64723;40363
UBATUBA;420;62,352979613;62,352979613;91824;57255
CONCHAL;421;62,331553072;62,331553072;28273;17623
SÃO MIGUEL ARCANJO;422;62,281073874;62,281073874;33002;20554
SALES OLIVEIRA;423;62,252042007;62,252042007;11998;7469
LORENA;424;62,228330996;62,228330996;89125;55461
MOGI GUAÇU;425;62,226447890;62,226447890;153033;95227
QUADRA;426;62,169174883;62,169174883;3854;2396
NOVA ODESSA;427;62,161231052;62,161231052;60956;37891
MARABÁ PAULISTA;428;62,138533961;62,138533961;5948;3696
TIETÊ;429;62,125737940;62,125737940;42517;26414
SANTA ROSA DE VITERBO;430;62,030426494;62,030426494;26753;16595
MOMBUCA;431;62,029646522;62,029646522;3508;2176
CASTILHO;432;62,025673579;62,025673579;21267;13191
CONCHAS;433;61,990121538;61,990121538;18019;11170
PINDAMONHANGABA;434;61,985987351;61,985987351;170132;105458
CAFELÂNDIA;435;61,973883316;61,973883316;17843;11058
RIBEIRÃO BONITO;436;61,944507106;61,944507106;13299;8238
CAJAMAR;437;61,934457361;61,934457361;77934;48268
SÃO JOAQUIM DA BARRA;438;61,931611843;61,931611843;52319;32402
GUATAPARÁ;439;61,875729667;61,875729667;7709;4770
ANALÂNDIA;440;61,847310127;61,847310127;5056;3127
PACAEMBU;441;61,782233752;61,782233752;14263;8812
BOCAINA;442;61,773209123;61,773209123;12452;7692
JABORANDI;443;61,747768500;61,747768500;6946;4289
PERUÍBE;444;61,733887915;61,733887915;69001;42597
RIBEIRÃO PIRES;445;61,694279110;61,694279110;124159;76599
MIGUELÓPOLIS;446;61,681950347;61,681950347;22355;13789
CARAGUATATUBA;447;61,630291193;61,630291193;123389;76045
ANGATUBA;448;61,627222418;61,627222418;25479;15702
PIRAPOZINHO;449;61,619946674;61,619946674;27754;17102
GUAREÍ;450;61,587335204;61,587335204;18887;11632
IACANGA;451;61,553381683;61,553381683;11858;7299
SANTA BRANCA;452;61,533283974;61,533283974;14857;9142
BOFETE;453;61,504907306;61,504907306;11921;7332
ITAPORANGA;454;61,457852765;61,457852765;15173;9325
IGARAÇU DO TIETÊ;455;61,457028567;61,457028567;24749;15210
PARANAPANEMA;456;61,431723462;61,431723462;20395;12529
SÃO SEBASTIÃO;457;61,386281109;61,386281109;90328;55449
DOIS CÓRREGOS;458;61,344140739;61,344140739;27512;16877
BOA ESPERANÇA DO SUL;459;61,239845519;61,239845519;15018;9197
CABREÚVA;460;61,210811240;61,210811240;50429;30868
NOVA GRANADA;461;61,164645673;61,164645673;21689;13266
IPORANGA;462;61,133603239;61,133603239;4199;2567
TEJUPÁ;463;61,055444222;61,055444222;4491;2742
SÃO VICENTE;464;61,054960568;61,054960568;368355;224899
PROMISSÃO;465;61,043891447;61,043891447;40828;24923
POTIM;466;61,038599284;61,038599284;25130;15339
CAJOBI;467;61,032465081;61,032465081;10596;6467
NANTES;468;60,994023278;60,994023278;3179;1939
TERRA ROXA;469;60,993959945;60,993959945;9437;5756
GUARUJÁ;470;60,961115414;60,961115414;322750;196752
SANTÓPOLIS DO AGUAPEÍ;471;60,950799253;60,950799253;4817;2936
SÃO MANUEL;472;60,946429006;60,946429006;41123;25063
CAJATI;473;60,935635572;60,935635572;28494;17363
GUZOLÂNDIA;474;60,919540230;60,919540230;5307;3233
JARDINÓPOLIS;475;60,871692239;60,871692239;44970;27374
SANTO ANTÔNIO DO ARACANGUÁ;476;60,853672916;60,853672916;8481;5161
FRANCO DA ROCHA;477;60,840170744;60,840170744;156492;95210
IPAUSSU;478;60,826863096;60,826863096;15069;9166
ELIAS FAUSTO;479;60,749330955;60,749330955;17936;10896
CAPÃO BONITO;480;60,745362706;60,745362706;47118;28622
CANITAR;481;60,733182162;60,733182162;5292;3214
SÃO PEDRO DO TURVO;482;60,719854470;60,719854470;7696;4673
PINDORAMA;483;60,647072491;60,647072491;17216;10441
CAMPOS NOVOS PAULISTA;484;60,616369822;60,616369822;4997;3029
SANTO ANTÔNIO DE POSSE;485;60,584810234;60,584810234;23529;14255
BARIRI;486;60,560211485;60,560211485;35558;21534
BIRIGUI;487;60,547072059;60,547072059;124883;75613
IGARAPAVA;488;60,544195466;60,544195466;30614;18535
TARABAI;489;60,543766578;60,543766578;7540;4565
ELISIÁRIO;490;60,508520422;60,508520422;3697;2237
TACIBA;491;60,483488703;60,483488703;6329;3828
BENTO DE ABREU;492;60,465890183;60,465890183;3005;1817
OURO VERDE;493;60,417633411;60,417633411;8620;5208
CAMPOS DO JORDÃO;494;60,387367618;60,387367618;52405;31646
HORTOLÂNDIA;495;60,376762472;60,376762472;234259;141438
SÃO SEBASTIÃO DA GRAMA;496;60,375030841;60,375030841;12159;7341
RIBEIRÃO BRANCO;497;60,310900006;60,310900006;16211;9777
SANTANA DE PARNAÍBA;498;60,303160203;60,303160203;142301;85812
GUARACI;499;60,246301054;60,246301054;11287;6800
CHARQUEADA;500;60,137041516;60,137041516;17367;10444
PAULO DE FARIA;501;60,040183056;60,040183056;8959;5379
TREMEMBÉ;502;60,038982269;60,038982269;47714;28647
VARGEM;503;60,026187804;60,026187804;10692;6418
VINHEDO;504;60,004244111;60,004244111;80111;48070
ORINDIÚVA;505;59,966638866;59,966638866;7194;4314
GLICÉRIO;506;59,950300269;59,950300269;4829;2895
BOREBI;507;59,821095788;59,821095788;2683;1605
GUARANTÃ;508;59,790262172;59,790262172;6675;3991
DIADEMA;509;59,761878540;59,761878540;426757;255038
TAUBATÉ;510;59,755909598;59,755909598;317915;189973
CAMPO LIMPO PAULISTA;511;59,681322407;59,681322407;85541;51052
MINEIROS DO TIETÊ;512;59,648310967;59,648310967;12966;7734
JOÃO RAMALHO;513;59,635245001;59,635245001;4551;2714
ALVINLÂNDIA;514;59,623107816;59,623107816;3237;1930
IRAPUÃ;515;59,604870775;59,604870775;8048;4797
BURI;516;59,599298773;59,599298773;19965;11899
ITAPUÍ;517;59,560330812;59,560330812;14147;8426
PLATINA;518;59,558412521;59,558412521;3578;2131
PONTALINDA;519;59,542148053;59,542148053;4674;2783
ITUPEVA;520;59,527486348;59,527486348;62813;37391
MOGI DAS CRUZES;521;59,520392205;59,520392205;450785;268309
SANTO ANDRÉ;522;59,504718812;59,504718812;721368;429248
IPUÃ;523;59,449530234;59,449530234;16604;9871
JAMBEIRO;524;59,431293732;59,431293732;6717;3992
QUEIROZ;525;59,421965318;59,421965318;3460;2056
RIO DAS PEDRAS;526;59,382170239;59,382170239;35738;21222
SUZANÁPOLIS;527;59,367214748;59,367214748;4014;2383
BOITUVA;528;59,289046164;59,289046164;62170;36860
IGUAPE;529;59,162928781;59,162928781;30989;18334
PAULÍNIA;530;59,077881842;59,077881842;112003;66169
GUARIBA;531;59,063403068;59,063403068;40487;23913
LOUVEIRA;532;59,062268718;59,062268718;49993;29527
MOTUCA;533;59,019812304;59,019812304;4795;2830
ITAPIRAPUÃ PAULISTA;534;58,973758201;58,973758201;4268;2517
ANHEMBI;535;58,938260742;58,938260742;6819;4019
PEDERNEIRAS;536;58,907686103;58,907686103;47111;27752
CAPIVARI;537;58,848152681;58,848152681;56379;33178
CARAPICUÍBA;538;58,827877167;58,827877167;403183;237184
RESTINGA;539;58,809740852;58,809740852;7679;4516
PEREIRAS;540;58,805425738;58,805425738;8773;5159
ILHABELA;541;58,798572673;58,798572673;35591;20927
PRATÂNIA;542;58,792552191;58,792552191;5317;3126
PEDRO DE TOLEDO;543;58,777690220;58,777690220;11421;6713
CAJURU;544;58,765581783;58,765581783;26393;15510
IBIRAREMA;545;58,729753858;58,729753858;7841;4605
PANORAMA;546;58,693733451;58,693733451;15862;9310
BARUERI;547;58,670599534;58,670599534;276982;162507
ESTIVA GERBI;548;58,665731568;58,665731568;11407;6692
IBATÉ;549;58,618064953;58,618064953;35472;20793
ARTUR NOGUEIRA;550;58,592338272;58,592338272;55340;32425
DOBRADA;551;58,579356271;58,579356271;9010;5278
GUARÁ;552;58,560165196;58,560165196;21308;12478
ESPÍRITO SANTO DO TURVO;553;58,528085281;58,528085281;4878;2855
GUAIÇARA;554;58,491947291;58,491947291;12294;7191
PLANALTO;555;58,389894419;58,389894419;5304;3097
CACHOEIRA PAULISTA;556;58,211488639;58,211488639;33581;19548
ITAPURA;557;58,190264593;58,190264593;4951;2881
NOVA EUROPA;558;58,080140907;58,080140907;11355;6595
TAGUAÍ;559;58,065200481;58,065200481;14141;8211
ARIRANHA;560;58,026841512;58,026841512;9761;5664
RIOLÂNDIA;561;57,979352195;57,979352195;12689;7357
AGUAÍ;562;57,964963982;57,964963982;36648;21243
SUZANO;563;57,816269019;57,816269019;300559;173772
ITIRAPUÃ;564;57,802231392;57,802231392;6543;3782
LINDÓIA;565;57,748393475;57,748393475;8092;4673
ELDORADO;566;57,642820381;57,642820381;15544;8960
BARRA DO CHAPÉU;567;57,586805556;57,586805556;5760;3317
CLEMENTINA;568;57,565376270;57,565376270;8757;5041
TABOÃO DA SERRA;569;57,544985221;57,544985221;293652;168982
SETE BARRAS;570;57,464788732;57,464788732;12780;7344
ORLÂNDIA;571;57,463931470;57,463931470;44360;25491
POÁ;572;57,463096435;57,463096435;118349;68007
NOVA CAMPINA;573;57,373225152;57,373225152;9860;5657
UBARANA;574;57,34375;57,34375;6400;3670
ITIRAPINA;575;57,230652091;57,230652091;18387;10523
ARAÇARIGUAMA;576;57,086614173;57,086614173;22860;13050
RINCÃO;577;57,066222716;57,066222716;10812;6170
BOM JESUS DOS PERDÕES;578;56,971329613;56,971329613;25985;14804
SANTA ISABEL;579;56,943725632;56,943725632;57966;33008
CAIEIRAS;580;56,898078326;56,898078326;102775;58477
ARUJÁ;581;56,883179569;56,883179569;91157;51853
GUARULHOS;582;56,874797521;56,874797521;1392121;791766
SANTA CRUZ DAS PALMEIRAS;583;56,844287071;56,844287071;34737;19746
CUBATÃO;584;56,722835914;56,722835914;131626;74662
EMBU DAS ARTES;585;56,685772145;56,685772145;276535;156756
BARBOSA;586;56,668452062;56,668452062;7468;4232
MORRO AGUDO;587;56,530882000;56,530882000;33288;18818
VARGEM GRANDE PAULISTA;588;56,519787536;56,519787536;53468;30220
FRANCISCO MORATO;589;56,434896669;56,434896669;177633;100247
SUMARÉ;590;56,429696972;56,429696972;286211;161508
SÃO LOURENÇO DA SERRA;591;56,402553511;56,402553511;15978;9012
SANDOVALINA;592;56,316031236;56,316031236;4354;2452
COTIA;593;56,314863884;56,314863884;253608;142819
EMBU-GUAÇU;594;56,298193159;56,298193159;69901;39353
PITANGUEIRAS;595;56,277445110;56,277445110;40080;22556
PIRAPORA DO BOM JESUS;596;56,189383669;56,189383669;19178;10776
LAVRINHAS;597;56,148269731;56,148269731;7311;4105
AVANHANDAVA;598;56,136806407;56,136806407;13859;7780
VISTA ALEGRE DO ALTO;599;56,135276449;56,135276449;8989;5046
LUÍS ANTÔNIO;600;56,042375098;56,042375098;15292;8570
SANTA GERTRUDES;601;55,914685366;55,914685366;27381;15310
JUQUITIBA;602;55,912279593;55,912279593;31646;17694
BIRITIBA MIRIM;603;55,823415108;55,823415108;32936;18386
SANTA MARIA DA SERRA;604;55,821039128;55,821039128;6236;3481
JACUPIRANGA;605;55,816423500;55,816423500;17889;9985
ALTAIR;606;55,805064501;55,805064501;4186;2336
SEVERÍNIA;607;55,789592888;55,789592888;17661;9853
LUIZIÂNIA;608;55,661827498;55,661827498;5855;3259
MAUÁ;609;55,580334707;55,580334707;477552;265425
SANTA LÚCIA;610;55,251863564;55,251863564;8854;4892
EUCLIDES DA CUNHA PAULISTA;611;55,002680965;55,002680965;9325;5129
ENGENHEIRO COELHO;612;54,990823098;54,990823098;21249;11685
VÁRZEA PAULISTA;613;54,982896052;54,982896052;123071;67668
MAIRIPORÃ;614;54,926081796;54,926081796;101937;55990
BARRINHA;615;54,879445449;54,879445449;33180;18209
ALUMÍNIO;616;54,782330687;54,782330687;18767;10281
IBIÚNA;617;54,735213075;54,735213075;79479;43503
VOTORANTIM;618;54,735070672;54,735070672;123599;67652
SÃO ROQUE;619;54,653486856;54,653486856;92060;50314
CANAS;620;54,189085319;54,189085319;5204;2820
PRADÓPOLIS;621;54,020939057;54,020939057;21873;11816
BOM SUCESSO DE ITARARÉ;622;53,689759036;53,689759036;3984;2139
JANDIRA;623;53,638133527;53,638133527;126356;67775
AMÉRICO BRASILIENSE;624;53,636186391;53,636186391;41032;22008
AREIÓPOLIS;625;53,513174404;53,513174404;11158;5971
ITATINGA;626;53,482147125;53,482147125;20921;11189
TAQUARIVAÍ;627;53,222804940;53,222804940;5911;3146
IPEÚNA;628;52,790425394;52,790425394;7687;4058
IPERÓ;629;52,760509957;52,760509957;37964;20030
NOVA LUZITÂNIA;630;52,692307692;52,692307692;4160;2192
PIRAJUÍ;631;52,649791983;52,649791983;25719;13541
GASTÃO VIDIGAL;632;52,592592593;52,592592593;4860;2556
COSMÓPOLIS;633;52,172196968;52,172196968;73474;38333
NOVAIS;634;52,144659378;52,144659378;5945;3100
SÃO JOSÉ DA BELA VISTA;635;51,941964286;51,941964286;8960;4654
QUELUZ;636;51,822725268;51,822725268;13606;7051
PONTAL;637;51,514198065;51,514198065;50852;26196
FERRAZ DE VASCONCELOS;638;50,850890585;50,850890585;196500;99922
PALMARES PAULISTA;639;50,059320777;50,059320777;13486;6751
SOROCABA;640;50,013166375;50,013166375;687357;343769
ITAPECERICA DA SERRA;641;49,607119136;49,607119136;177662;88133
ITAQUAQUECETUBA;642;49,398817635;49,398817635;375011;185251
ITARIRI;643;49,011251279;49,011251279;17598;8625
ITAPEVI;644;47,954233258;47,954233258;240961;115551
RIO GRANDE DA SERRA;645;42,581071623;42,581071623;51436;21902
